	REGION	POS	REF	ALT	REF_DP	REF_RV	REF_QUAL	ALT_DP	ALT_RV	ALT_QUAL	ALT_FREQ	TOTAL_DP	PVAL	PASS	GFF_FEATURE	REF_CODON	REF_AA	ALT_CODON	ALT_AA
7	MN908947.3	241	C	T	5	2	57	13424	2570	63	0.9994040000000001	13432	0.0	True					
8	MN908947.3	3037	C	T	2	1	55	5830	1287	60	0.9994860000000001	5833	0.0	True					
9	MN908947.3	6696	C	+T	10300	2719	55	929	0	20	0.0575019	16156	1.8483199999999992e-208	True					
10	MN908947.3	14408	C	T	10	2	44	11716	1916	58	0.9991469999999999	11726	0.0	True					
11	MN908947.3	20268	A	G	1	0	74	2102	618	62	0.998101	2106	0.0	True					
12	MN908947.3	21166	A	T	346	87	59	11	5	54	0.030812299999999997	357	2.02954e-05	True					
13	MN908947.3	21650	A	G	1988	720	59	75	2	55	0.03633719999999999	2064	1.7225099999999997e-32	True					
14	MN908947.3	21651	A	G	1967	706	58	75	1	59	0.036692800000000005	2044	1.07254e-32	True					
15	MN908947.3	21652	T	G	1991	736	58	77	2	58	0.0371981	2070	2.4706499999999998e-33	True					
16	MN908947.3	21654	C	A	1998	737	58	77	2	56	0.037001400000000004	2081	2.31917e-33	True					
17	MN908947.3	21655	T	A	1905	688	59	78	2	59	0.039195999999999995	1990	6.180199999999999e-34	True					
18	MN908947.3	21657	T	A	1924	697	58	73	1	60	0.0364453	2003	9.630510000000001e-32	True					
19	MN908947.3	21658	C	A	1901	686	59	85	1	57	0.0427565	1988	5.0672899999999995e-37	True					
20	MN908947.3	21663	G	C	1828	665	58	83	9	59	0.0433194	1916	4.2188e-36	True					
21	MN908947.3	21664	T	A	1786	656	58	83	12	55	0.0437764	1896	2.7103199999999997e-36	True					
22	MN908947.3	21665	G	C	1751	646	57	83	11	59	0.044889099999999994	1849	9.70243e-37	True					
24	MN908947.3	23403	A	G	5	1	59	15260	3648	63	0.9992139999999999	15272	0.0	True					
25	MN908947.3	28242	G	C	13222	1266	59	415	5	54	0.0304252	13640	1.7570799999999996e-178	True					
26	MN908947.3	28245	T	G	13178	1299	59	441	5	57	0.032376499999999996	13621	2.6645399999999987e-190	True					
27	MN908947.3	28250	T	+CTG	13864	1507	59	715	0	20	0.0312459	22883	1.6443499999999997e-120	True					
28	MN908947.3	28253	C	-A	13017	1247	59	713	0	20	0.033188999999999996	21483	1.7769599999999996e-125	True					
29	MN908947.3	29051	C	+A	9790	3193	60	507	0	20	0.0308751	16421	8.421059999999998e-87	True					
