	REGION	POS	REF	ALT	REF_DP	REF_RV	REF_QUAL	ALT_DP	ALT_RV	ALT_QUAL	ALT_FREQ	TOTAL_DP	PVAL	PASS	GFF_FEATURE	REF_CODON	REF_AA	ALT_CODON	ALT_AA
13	MN908947.3	241	C	T	2	1	55	5977	1173	63	0.9989969999999999	5983	0.0	True					
14	MN908947.3	1059	C	T	4	0	63	6971	931	63	0.9989969999999999	6978	0.0	True					
15	MN908947.3	3037	C	T	2	1	37	3251	699	60	0.999078	3254	0.0	True					
16	MN908947.3	3700	T	A	2335	709	60	341	108	59	0.127381	2677	1.5029399999999995e-152	True					
17	MN908947.3	6696	C	+T	6594	1731	55	463	0	20	0.0448209	10330	6.375149999999998e-93	True					
18	MN908947.3	8668	C	A	1915	344	62	71	48	36	0.035642599999999997	1992	2.1147099999999997e-27	True					
19	MN908947.3	8669	T	C	1900	334	62	73	48	34	0.0369807	1974	2.62111e-28	True					
20	MN908947.3	12400	C	T	1	0	74	7039	1675	63	0.9997159999999999	7041	0.0	True					
21	MN908947.3	14408	C	T	6	2	42	6319	1023	58	0.998893	6326	0.0	True					
22	MN908947.3	21179	A	C	291	54	63	9	5	34	0.03	300	0.00011363	True					
23	MN908947.3	21663	G	C	1507	512	59	48	11	52	0.030808699999999998	1558	3.15675e-21	True					
24	MN908947.3	21664	T	A	1463	490	59	51	15	50	0.0331599	1538	9.65259e-23	True					
25	MN908947.3	21665	G	C	1444	484	59	52	14	53	0.034300800000000006	1516	2.0544799999999998e-23	True					
26	MN908947.3	22801	G	T	5	2	49	5820	1301	62	0.998627	5828	0.0	True					
27	MN908947.3	23403	A	G	2	1	55	8683	1972	63	0.999194	8690	0.0	True					
28	MN908947.3	23755	G	T	3529	1161	60	1237	330	61	0.259329	4770	0.0	True					
29	MN908947.3	24622	T	G	0	0	0	2358	520	62	0.997884	2363	0.0	True					
30	MN908947.3	25563	G	T	3	1	34	7468	1892	62	0.9991969999999999	7474	0.0	True					
31	MN908947.3	26464	C	G	4358	1059	63	136	6	67	0.0302558	4495	5.067299999999999e-61	True					
32	MN908947.3	26467	G	C	4542	1040	63	144	14	65	0.0306644	4696	6.259949999999999e-65	True					
33	MN908947.3	27865	A	T	3	1	60	3107	688	62	0.999035	3110	0.0	True					
34	MN908947.3	27866	T	A	0	0	0	3229	677	62	1.0	3229	0.0	True					
35	MN908947.3	28242	G	C	7128	698	59	401	2	54	0.0532254	7534	1.3774999999999995e-173	True					
36	MN908947.3	28245	T	G	7114	728	59	428	6	58	0.0567038	7548	7.737529999999998e-186	True					
37	MN908947.3	28250	T	+CTG	7679	834	59	684	0	20	0.054062599999999995	12652	2.1483999999999993e-157	True					
38	MN908947.3	28253	C	-A	7180	685	59	691	0	20	0.058214	11870	1.2543499999999994e-164	True					
