REGION	POS	REF	ALT	REF_DP	REF_RV	REF_QUAL	ALT_DP	ALT_RV	ALT_QUAL	ALT_FREQ	TOTAL_DP	PVAL	PASS	GFF_FEATURE	REF_CODON	REF_AA	ALT_CODON	ALT_AA
MN908947.3	46	A	T	0	0	0	1	0	40	1	1	1	FALSE	NA	NA	NA	NA	NA
MN908947.3	47	T	C	1	0	40	1	0	40	0.5	2	0.666667	FALSE	NA	NA	NA	NA	NA
MN908947.3	241	C	T	0	0	0	4	2	40	1	4	0.0285714	FALSE	NA	NA	NA	NA	NA
MN908947.3	1059	C	T	0	0	0	4	2	40	1	4	0.0285714	FALSE	NA	NA	NA	NA	NA
MN908947.3	3037	C	T	0	0	0	4	2	40	1	4	0.0285714	FALSE	NA	NA	NA	NA	NA
MN908947.3	3700	T	A	3	1	40	2	1	40	0.4	5	0.277778	FALSE	NA	NA	NA	NA	NA
MN908947.3	3771	T	G	4	1	40	1	1	40	0.2	5	0.555556	FALSE	NA	NA	NA	NA	NA
MN908947.3	6562	T	G	4	1	40	1	0	40	0.2	5	0.555556	FALSE	NA	NA	NA	NA	NA
MN908947.3	6696	C	+T	5	1	40	2	0	20	0.4	5	0.381818	FALSE	NA	NA	NA	NA	NA
MN908947.3	6794	C	G	4	0	40	1	1	40	0.2	5	0.555556	FALSE	NA	NA	NA	NA	NA
MN908947.3	11054	A	G	4	0	40	1	0	40	0.2	5	0.555556	FALSE	NA	NA	NA	NA	NA
MN908947.3	11074	C	+T	5	0	40	1	0	20	0.2	5	0.6	FALSE	NA	NA	NA	NA	NA
MN908947.3	12191	G	T	8	3	40	2	1	40	0.2	10	0.263158	FALSE	NA	NA	NA	NA	NA
MN908947.3	12230	T	A	9	3	40	1	1	40	0.1	10	0.526316	FALSE	NA	NA	NA	NA	NA
MN908947.3	12400	C	T	0	0	0	9	3	40	1	9	4.11353e-05	TRUE	NA	NA	NA	NA	NA
MN908947.3	14408	C	T	0	0	0	9	3	40	1	9	4.11353e-05	TRUE	NA	NA	NA	NA	NA
MN908947.3	15913	G	A	9	3	40	1	0	40	0.1	10	0.526316	FALSE	NA	NA	NA	NA	NA
MN908947.3	15965	G	+T	10	3	40	2	0	20	0.2	10	0.314286	FALSE	NA	NA	NA	NA	NA
MN908947.3	16101	C	A	9	2	40	1	1	40	0.1	10	0.526316	FALSE	NA	NA	NA	NA	NA
MN908947.3	22339	A	C	8	1	40	1	1	40	0.111111	9	0.529412	FALSE	NA	NA	NA	NA	NA
MN908947.3	22340	G	A	0	0	0	1	1	40	1	1	1	FALSE	NA	NA	NA	NA	NA
MN908947.3	22523	C	A	0	0	0	1	0	40	1	1	1	FALSE	NA	NA	NA	NA	NA
MN908947.3	22801	G	T	0	0	0	2	1	40	1	2	0.333333	FALSE	NA	NA	NA	NA	NA
MN908947.3	23403	A	G	0	0	0	2	1	40	1	2	0.333333	FALSE	NA	NA	NA	NA	NA
MN908947.3	23548	T	G	2	1	40	1	0	40	0.333333	3	0.6	FALSE	NA	NA	NA	NA	NA
MN908947.3	23755	G	T	2	1	40	2	1	40	0.5	4	0.285714	FALSE	NA	NA	NA	NA	NA
MN908947.3	24622	T	G	0	0	0	4	2	40	1	4	0.0285714	FALSE	NA	NA	NA	NA	NA
MN908947.3	25563	G	T	0	0	0	4	2	40	1	4	0.0285714	FALSE	NA	NA	NA	NA	NA
MN908947.3	26654	G	+T	5	2	40	1	0	20	0.2	5	0.6	FALSE	NA	NA	NA	NA	NA
MN908947.3	27865	A	T	0	0	0	5	2	40	1	5	0.00793651	TRUE	NA	NA	NA	NA	NA
MN908947.3	27866	T	A	0	0	0	5	2	40	1	5	0.00793651	TRUE	NA	NA	NA	NA	NA
MN908947.3	28214	C	+T	6	2	40	1	0	20	0.166667	6	0.583333	FALSE	NA	NA	NA	NA	NA
MN908947.3	29051	C	+A	7	3	40	1	0	20	0.142857	7	0.571429	FALSE	NA	NA	NA	NA	NA
MN908947.3	29854	C	G	0	0	0	2	2	40	1	2	0.333333	FALSE	NA	NA	NA	NA	NA
