	REGION	POS	REF	ALT	REF_DP	REF_RV	REF_QUAL	ALT_DP	ALT_RV	ALT_QUAL	ALT_FREQ	TOTAL_DP	PVAL	PASS	GFF_FEATURE	REF_CODON	REF_AA	ALT_CODON	ALT_AA
12	MN908947.3	38	A	G	19	18	38	4	4	37	0.166667	24	0.0455083	False					
14	MN908947.3	241	C	T	3	2	37	11674	2162	63	0.9995719999999999	11679	0.0	True					
15	MN908947.3	3037	C	T	0	0	0	4359	962	60	0.999541	4361	0.0	True					
16	MN908947.3	5516	G	A	6119	1773	61	190	60	59	0.0301014	6312	3.2866399999999993e-83	True					
17	MN908947.3	6696	C	+T	7981	2089	56	958	0	20	0.0756296	12667	1.0507099999999997e-240	True					
18	MN908947.3	6866	A	T	1504	158	53	51	33	52	0.0327974	1555	3.7274499999999995e-21	True					
19	MN908947.3	6869	A	T	1483	154	55	48	33	52	0.0312907	1534	3.44816e-20	True					
20	MN908947.3	6877	G	T	1591	149	55	60	42	52	0.0363416	1651	4.42815e-25	True					
21	MN908947.3	11074	C	+T	10674	2490	59	558	0	20	0.0315879	17665	1.5621599999999996e-95	True					
22	MN908947.3	14408	C	T	3	2	35	9319	1465	59	0.999035	9328	0.0	True					
23	MN908947.3	15965	G	+T	14882	1072	62	1123	0	20	0.043453	25844	3.141959999999998e-244	True					
25	MN908947.3	20268	A	G	0	0	0	1659	418	62	0.999398	1660	0.0	True					
26	MN908947.3	21163	A	T	235	65	56	8	4	49	0.0326531	245	0.000461838	True					
27	MN908947.3	21166	A	T	243	66	58	9	6	52	0.035573099999999996	253	0.000171263	True					
28	MN908947.3	21650	A	G	1557	549	59	49	1	51	0.0304726	1608	1.6640699999999998e-21	True					
29	MN908947.3	21651	A	G	1549	543	58	49	1	52	0.030663299999999998	1598	1.476e-21	True					
30	MN908947.3	21652	T	G	1566	562	58	49	1	53	0.030340600000000002	1615	1.9106800000000003e-21	True					
31	MN908947.3	21654	C	A	1571	569	59	52	1	51	0.0319214	1629	8.53276e-23	True					
32	MN908947.3	21655	T	A	1495	528	59	52	1	51	0.0333976	1557	6.52204e-23	True					
33	MN908947.3	21657	T	A	1512	530	59	50	1	53	0.0319693	1564	5.43494e-22	True					
34	MN908947.3	21658	C	A	1507	532	59	60	2	52	0.038216599999999996	1570	2.73702e-26	True					
35	MN908947.3	21663	G	C	1403	481	59	55	8	54	0.0376454	1461	2.99741e-24	True					
36	MN908947.3	21664	T	A	1364	473	58	57	10	51	0.039666	1437	3.14159e-25	True					
37	MN908947.3	21665	G	C	1340	477	58	61	12	52	0.0432318	1411	2.94412e-27	True					
53	MN908947.3	23403	A	G	2	0	74	12126	2897	63	0.9989290000000001	12139	0.0	True					
54	MN908947.3	28214	C	+T	11071	1421	61	602	0	20	0.031726	18975	9.808589999999998e-108	True					
55	MN908947.3	29051	C	+A	7945	2578	60	554	0	20	0.0412202	13440	5.488099999999999e-115	True					
