REGION	POS	REF	ALT	REF_DP	REF_RV	REF_QUAL	ALT_DP	ALT_RV	ALT_QUAL	ALT_FREQ	TOTAL_DP	PVAL	PASS	GFF_FEATURE	REF_CODON	REF_AA	ALT_CODON	ALT_AA
MN908947.3	3037	C	T	0	0	0	2	1	40	1	2	0.333333	FALSE	NA	NA	NA	NA	NA
MN908947.3	5444	G	A	2	1	40	1	0	40	0.333333	3	0.6	FALSE	NA	NA	NA	NA	NA
MN908947.3	5516	G	A	1	0	40	2	1	40	0.666667	3	0.3	FALSE	NA	NA	NA	NA	NA
MN908947.3	5581	C	G	2	0	40	1	1	40	0.333333	3	0.6	FALSE	NA	NA	NA	NA	NA
MN908947.3	6613	A	T	2	0	40	1	0	40	0.333333	3	0.6	FALSE	NA	NA	NA	NA	NA
MN908947.3	6696	C	+T	3	0	40	1	0	20	0.333333	3	0.666667	FALSE	NA	NA	NA	NA	NA
MN908947.3	9453	A	T	3	0	40	1	0	40	0.25	4	0.571429	FALSE	NA	NA	NA	NA	NA
MN908947.3	9502	C	T	3	0	40	1	0	40	0.25	4	0.571429	FALSE	NA	NA	NA	NA	NA
MN908947.3	11060	C	A	9	3	40	1	0	40	0.1	10	0.526316	FALSE	NA	NA	NA	NA	NA
MN908947.3	11074	C	-T	10	3	40	1	0	20	0.1	10	0.55	FALSE	NA	NA	NA	NA	NA
MN908947.3	11074	C	+T	10	3	40	1	0	20	0.1	10	0.55	FALSE	NA	NA	NA	NA	NA
MN908947.3	11095	C	+T	6	3	40	2	0	20	0.333333	6	0.358974	FALSE	NA	NA	NA	NA	NA
MN908947.3	11124	C	G	5	2	40	1	1	40	0.166667	6	0.545455	FALSE	NA	NA	NA	NA	NA
MN908947.3	11127	T	A	4	1	40	1	1	40	0.2	5	0.555556	FALSE	NA	NA	NA	NA	NA
MN908947.3	14408	C	T	0	0	0	4	1	40	1	4	0.0285714	FALSE	NA	NA	NA	NA	NA
MN908947.3	15911	A	T	4	1	40	1	0	40	0.2	5	0.555556	FALSE	NA	NA	NA	NA	NA
MN908947.3	15965	G	+T	5	1	40	2	0	20	0.4	5	0.381818	FALSE	NA	NA	NA	NA	NA
MN908947.3	16078	G	T	4	0	40	1	1	40	0.2	5	0.555556	FALSE	NA	NA	NA	NA	NA
MN908947.3	20268	A	G	0	0	0	4	0	40	1	4	0.0285714	FALSE	NA	NA	NA	NA	NA
MN908947.3	22523	C	A	0	0	0	1	0	40	1	1	1	FALSE	NA	NA	NA	NA	NA
MN908947.3	23403	A	G	0	0	0	2	1	40	1	2	0.333333	FALSE	NA	NA	NA	NA	NA
MN908947.3	25324	C	A	2	0	40	1	1	40	0.333333	3	0.6	FALSE	NA	NA	NA	NA	NA
MN908947.3	25981	G	T	3	2	40	1	0	40	0.25	4	0.571429	FALSE	NA	NA	NA	NA	NA
MN908947.3	26020	G	T	2	1	40	2	1	40	0.5	4	0.285714	FALSE	NA	NA	NA	NA	NA
MN908947.3	26066	T	G	4	2	40	1	1	40	0.2	5	0.555556	FALSE	NA	NA	NA	NA	NA
MN908947.3	28214	C	+T	5	2	40	2	0	20	0.4	5	0.381818	FALSE	NA	NA	NA	NA	NA
MN908947.3	29051	C	+A	4	3	40	1	0	20	0.25	4	0.625	FALSE	NA	NA	NA	NA	NA
MN908947.3	29087	C	A	2	2	40	1	1	40	0.333333	3	0.6	FALSE	NA	NA	NA	NA	NA
MN908947.3	29851	T	A	1	1	40	1	1	40	0.5	2	0.666667	FALSE	NA	NA	NA	NA	NA
MN908947.3	29852	A	T	0	0	0	1	1	40	1	1	1	FALSE	NA	NA	NA	NA	NA
