	REGION	POS	REF	ALT	REF_DP	REF_RV	REF_QUAL	ALT_DP	ALT_RV	ALT_QUAL	ALT_FREQ	TOTAL_DP	PVAL	PASS	GFF_FEATURE	REF_CODON	REF_AA	ALT_CODON	ALT_AA
13	MN908947.3	31	A	T	1	0	65	3	3	37	0.6	5	0.047619	False					
17	MN908947.3	35	A	T	1	0	74	4	4	37	0.8	5	0.0238095	False					
24	MN908947.3	241	C	T	5	3	42	7008	1234	64	0.998717	7017	0.0	True					
25	MN908947.3	3037	C	T	1	1	37	3290	717	60	0.9996959999999999	3291	0.0	True					
26	MN908947.3	6696	C	+T	5855	1580	56	343	0	20	0.037217900000000005	9216	1.8391599999999997e-62	True					
27	MN908947.3	6866	A	T	1154	128	54	37	21	53	0.0310663	1191	1.2238099999999999e-15	True					
28	MN908947.3	6869	A	T	1156	128	55	36	23	52	0.0301508	1194	2.3255e-15	True					
29	MN908947.3	14408	C	T	1	0	60	6257	980	58	0.9996799999999999	6259	0.0	True					
30	MN908947.3	20268	A	G	1	1	37	1288	377	63	0.9969040000000001	1292	0.0	True					
31	MN908947.3	21650	A	G	1231	436	59	39	0	55	0.0307087	1270	3.0079299999999997e-17	True					
32	MN908947.3	21651	A	G	1222	429	58	38	0	61	0.0301587	1260	6.28807e-17	True					
33	MN908947.3	21654	C	A	1246	447	59	40	1	58	0.0309837	1291	1.03859e-17	True					
34	MN908947.3	21655	T	A	1185	415	59	39	0	61	0.03173309999999999	1229	2.16624e-17	True					
35	MN908947.3	21657	T	A	1199	419	59	38	0	62	0.0306699	1239	6.63633e-17	True					
36	MN908947.3	21658	C	A	1196	419	59	45	1	57	0.036231900000000004	1242	6.20031e-20	True					
37	MN908947.3	21663	G	C	1137	399	59	45	6	59	0.0380389	1183	5.87998e-20	True					
38	MN908947.3	21664	T	A	1107	392	58	49	8	54	0.041773199999999996	1173	7.931849999999999e-22	True					
39	MN908947.3	21665	G	C	1097	400	57	46	6	59	0.0399306	1152	1.12123e-20	True					
42	MN908947.3	23403	A	G	1	0	74	8269	1908	63	0.999275	8275	0.0	True					
43	MN908947.3	28242	G	C	7106	694	60	231	4	55	0.0314714	7340	3.7124699999999987e-100	True					
44	MN908947.3	28245	T	G	7055	718	60	241	3	59	0.033009199999999995	7301	3.708819999999999e-105	True					
45	MN908947.3	28250	T	+CTG	7439	819	59	413	0	20	0.0332609	12417	1.98885e-74	True					
46	MN908947.3	28253	C	-A	6967	683	59	415	0	20	0.0356866	11629	2.2655699999999997e-78	True					
