REGION	POS	REF	ALT	REF_DP	REF_RV	REF_QUAL	ALT_DP	ALT_RV	ALT_QUAL	ALT_FREQ	TOTAL_DP	PVAL	PASS	GFF_FEATURE	REF_CODON	REF_AA	ALT_CODON	ALT_AA
MN908947.3	1	A	C	0	0	0	1	0	69	1	1	0.5	FALSE	NA	NA	NA	NA	NA
MN908947.3	2	T	C	0	0	0	1	0	74	1	1	0.5	FALSE	NA	NA	NA	NA	NA
MN908947.3	4	A	T	0	0	0	1	0	74	1	1	0.5	FALSE	NA	NA	NA	NA	NA
MN908947.3	4	A	+G	0	0	0	2	0	20	1	2	0.333333	FALSE	NA	NA	NA	NA	NA
MN908947.3	16	C	G	1	0	74	1	1	37	0.5	2	0.5	FALSE	NA	NA	NA	NA	NA
MN908947.3	18	T	+GAA	2	1	55	1	0	20	0.333333	3	0.6	FALSE	NA	NA	NA	NA	NA
MN908947.3	19	C	A	1	0	74	1	1	37	0.5	2	0.5	FALSE	NA	NA	NA	NA	NA
MN908947.3	24	G	-T	2	1	55	1	0	20	0.333333	3	0.6	FALSE	NA	NA	NA	NA	NA
MN908947.3	25	T	G	1	0	74	1	1	37	0.5	2	0.4	FALSE	NA	NA	NA	NA	NA
MN908947.3	26	A	G	1	0	74	2	2	37	0.666667	3	0.2	FALSE	NA	NA	NA	NA	NA
MN908947.3	27	A	G	3	2	49	1	1	28	0.25	4	0.5	FALSE	NA	NA	NA	NA	NA
MN908947.3	30	A	C	3	2	49	1	1	37	0.25	4	0.5	FALSE	NA	NA	NA	NA	NA
MN908947.3	30	A	+GGCTC	3	2	49	2	0	20	0.4	5	0.277778	FALSE	NA	NA	NA	NA	NA
MN908947.3	31	A	T	1	0	65	3	3	37	0.6	5	0.047619	FALSE	NA	NA	NA	NA	NA
MN908947.3	31	A	G	1	0	65	1	1	37	0.2	5	0.285714	FALSE	NA	NA	NA	NA	NA
MN908947.3	32	C	A	4	3	46	1	1	37	0.2	5	0.5	FALSE	NA	NA	NA	NA	NA
MN908947.3	33	C	G	3	2	49	1	1	37	0.25	4	0.444444	FALSE	NA	NA	NA	NA	NA
MN908947.3	35	A	T	1	0	74	4	4	37	0.8	5	0.0238095	FALSE	NA	NA	NA	NA	NA
MN908947.3	36	C	A	7	6	41	1	1	37	0.125	8	0.5	FALSE	NA	NA	NA	NA	NA
MN908947.3	36	C	+T	7	6	41	2	0	20	0.222222	9	0.264706	FALSE	NA	NA	NA	NA	NA
MN908947.3	37	C	T	8	7	41	2	2	37	0.181818	11	0.194805	FALSE	NA	NA	NA	NA	NA
MN908947.3	37	C	G	8	7	41	1	1	37	0.0909091	11	0.428571	FALSE	NA	NA	NA	NA	NA
MN908947.3	37	C	+T	8	7	41	1	0	20	0.0769231	13	0.428571	FALSE	NA	NA	NA	NA	NA
MN908947.3	38	A	G	14	13	37	2	2	37	0.125	16	0.241935	FALSE	NA	NA	NA	NA	NA
MN908947.3	241	C	T	5	3	42	7008	1234	64	0.998717	7017	0	TRUE	NA	NA	NA	NA	NA
MN908947.3	3037	C	T	1	1	37	3290	717	60	0.999696	3291	0	TRUE	NA	NA	NA	NA	NA
MN908947.3	6696	C	+T	5855	1580	56	343	0	20	0.0372179	9216	1.83916e-62	TRUE	NA	NA	NA	NA	NA
MN908947.3	6866	A	T	1154	128	54	37	21	53	0.0310663	1191	1.22381e-15	TRUE	NA	NA	NA	NA	NA
MN908947.3	6869	A	T	1156	128	55	36	23	52	0.0301508	1194	2.3255e-15	TRUE	NA	NA	NA	NA	NA
