	REGION	POS	REF	ALT	REF_DP	REF_RV	REF_QUAL	ALT_DP	ALT_RV	ALT_QUAL	ALT_FREQ	TOTAL_DP	PVAL	PASS	GFF_FEATURE	REF_CODON	REF_AA	ALT_CODON	ALT_AA
11	MN908947.3	241	C	T	5	2	41	7264	1365	63	0.9993120000000001	7269	0.0	True					
12	MN908947.3	3037	C	T	1	1	37	2977	693	59	0.998993	2980	0.0	True					
13	MN908947.3	6696	C	+T	5516	1438	56	576	0	20	0.0660096	8726	2.6852599999999995e-138	True					
14	MN908947.3	14408	C	T	3	3	37	6067	1043	58	0.9990120000000001	6073	0.0	True					
15	MN908947.3	15965	G	+T	9073	678	61	588	0	20	0.0375	15680	2.0678399999999997e-118	True					
16	MN908947.3	20268	A	G	0	0	0	1082	267	60	0.999077	1083	0.0	True					
17	MN908947.3	21163	A	T	187	42	56	8	6	47	0.0406091	197	0.00043077199999999995	True					
18	MN908947.3	21166	A	T	186	40	57	9	5	55	0.045918400000000005	196	0.00015826	True					
19	MN908947.3	21168	G	-A	201	47	57	10	0	20	0.0310559	322	0.00666324	True					
20	MN908947.3	21170	T	C	189	42	58	9	7	48	0.0452261	199	0.000155328	True					
21	MN908947.3	21171	A	C	188	41	59	9	6	52	0.0454545	198	0.00014826799999999998	True					
22	MN908947.3	21174	A	G	182	36	59	9	6	52	0.046875	192	0.000153787	True					
23	MN908947.3	21179	A	C	182	37	61	6	4	54	0.0319149	188	0.00262274	True					
24	MN908947.3	21663	G	C	1019	377	58	32	5	51	0.030447199999999997	1051	3.30744e-14	True					
25	MN908947.3	21664	T	A	992	367	57	34	7	46	0.03266090000000001	1041	3.22284e-15	True					
26	MN908947.3	21665	G	C	994	381	57	32	5	53	0.031037799999999997	1031	2.20596e-14	True					
40	MN908947.3	23403	A	G	0	0	0	7734	1841	63	0.9990959999999999	7741	0.0	True					
41	MN908947.3	28242	G	C	6867	651	60	228	1	54	0.0321353	7095	1.1448699999999999e-98	True					
42	MN908947.3	28245	T	G	6819	668	60	249	2	57	0.03521919999999999	7070	3.2739999999999986e-108	True					
43	MN908947.3	28250	T	+CTG	7198	795	59	401	0	20	0.033579000000000005	11942	2.2392799999999997e-72	True					
44	MN908947.3	28253	C	-A	6741	657	59	404	0	20	0.0360264	11214	1.9273099999999996e-76	True					
45	MN908947.3	29051	C	+A	4728	1518	59	266	0	20	0.033894	7848	5.1407599999999996e-49	True					
